iter	Logloss	Accuracy
0	0.6187544014	0.8358834701
